<?xml version="1.0" encoding="UTF-8"?>
<beans xmlns="http://www.springframework.org/schema/beans" xmlns:xsi="http://www.w3.org/2001/XMLSchema-instance"
       xmlns:context="http://www.springframework.org/schema/context"
       xmlns:mvc="http://www.springframework.org/schema/mvc"
       xsi:schemaLocation="http://www.springframework.org/schema/beans http://www.springframework.org/schema/beans/spring-beans.xsd
        http://www.springframework.org/schema/context http://www.springframework.org/schema/context/spring-context.xsd
        http://www.springframework.org/schema/mvc http://www.springframework.org/schema/mvc/spring-mvc.xsd">

    <description>Spring MVC Configuration</description>

    <!-- 加载配置属性文件 -->
    <context:property-placeholder ignore-unresolvable="true" location="classpath:myshop.properties"/>

    <!-- 使用 Annotation 自动注册 Bean,只扫描 @Controller -->
    <context:component-scan base-package="com.donggua.my.shop.web.admin" use-default-filters="false">
        <context:include-filter type="annotation" expression="org.springframework.stereotype.Controller"/>
    </context:component-scan>

    <!-- 默认的注解映射的支持 -->
    <mvc:annotation-driven />

    <!-- 定义视图文件解析 -->
    <bean class="org.springframework.web.servlet.view.InternalResourceViewResolver">
        <property name="prefix" value="${web.view.prefix}"/>
        <property name="suffix" value="${web.view.suffix}"/>
    </bean>

    <!-- 静态资源映射 -->
    <mvc:resources mapping="/static/**" location="/static/" cache-period="31536000"/>

    <!-- 拦截器配置 -->
    <mvc:interceptors>
        <mvc:interceptor>
            <mvc:mapping path="/**"/>
            <mvc:exclude-mapping path="/login" />
            <mvc:exclude-mapping path="/static/**" />
            <bean class="com.donggua.my.shop.web.admin.web.interceptor.LoginInterceptor" />
        </mvc:interceptor>
        <mvc:interceptor>
            <mvc:mapping path="/**"/>
            <bean class="com.donggua.my.shop.web.admin.web.interceptor.PermissionInterceptor" />
        </mvc:interceptor>
    </mvc:interceptors>

    <!-- 上传文件拦截，设置最大上传文件大小 10M = 10*1024*1024(B) = 10485760 bytes -->
    <bean id="multipartResolver" class="org.springframework.web.multipart.commons.CommonsMultipartResolver">
        <property name="maxUploadSize" value="${web.maxUploadSize}"/>
    </bean>
</beans>