<?xml version="1.0" encoding="UTF-8"?>
<beans xmlns="http://www.springframework.org/schema/beans" xmlns:xsi="http://www.w3.org/2001/XMLSchema-instance"
       xsi:schemaLocation="http://www.springframework.org/schema/beans http://www.springframework.org/schema/beans/spring-beans.xsd http://www.springframework.org/schema/tx http://www.springframework.org/schema/tx/spring-tx.xsd">

    <!-- 配置 SqlSession -->
    <bean id="sqlSessionFactory" class="org.mybatis.spring.SqlSessionFactoryBean">
        <property name="dataSource" ref="dataSource"/>
        <!-- 用于配置对应实体类所在的包，多个 package 之间可以用 ',' 号分割 -->
        <property name="typeAliasesPackage" value="com.donggua.my.shop.domain"/>
        <!-- 用于配置对象关系映射配置文件所在目录 -->
        <property name="mapperLocations" value="classpath:/mapper/**/*.xml"/>
        <property name="configLocation" value="classpath:/mybatis-config.xml"></property>
    </bean>

    <!-- 扫描 Mapper -->
    <bean class="org.mybatis.spring.mapper.MapperScannerConfigurer">
        <property name="basePackage" value="com.donggua.my.shop.web.admin.dao" />
    </bean>
</beans>